,Precision,Recall,F1,AP
1,0.0,0.0,0.0,0.1773742709365027
2,0.0,0.0,0.0,0.1773742709365027
3,0.0,0.0,0.0,0.1773742709365027
4,0.0,0.0,0.0,0.1773742709365027
5,0.0,0.0,0.0,0.1773742709365027
6,0.0,0.0,0.0,0.1773742709365027
7,0.0,0.0,0.0,0.1773742709365027
8,0.0,0.0,0.0,0.1773742709365027
9,0.0,0.0,0.0,0.1773742709365027
10,0.0,0.0,0.0,0.1773742709365027
