,Precision,Recall,F1,AP
1,0.0,0.0,0.0,0.06083782693224753
2,0.0,0.0,0.0,0.06083782693224753
3,0.0,0.0,0.0,0.06083782693224753
4,0.0,0.0,0.0,0.06083782693224753
5,0.0,0.0,0.0,0.06083782693224753
6,0.0,0.0,0.0,0.06083782693224753
7,0.0,0.0,0.0,0.06083782693224753
8,0.0,0.0,0.0,0.06083782693224753
9,0.0,0.0,0.0,0.06083782693224753
10,0.0,0.0,0.0,0.06083782693224753
