,Precision,Recall,F1,AP
1,0.0,0.0,0.0,0.11910788305638091
2,0.0,0.0,0.0,0.11910788305638091
3,0.0,0.0,0.0,0.11910788305638091
4,0.0,0.0,0.0,0.11910788305638091
5,0.0,0.0,0.0,0.11910788305638091
6,0.0,0.0,0.0,0.11910788305638091
7,0.0,0.0,0.0,0.11910788305638091
8,0.0,0.0,0.0,0.11910788305638091
9,0.0,0.0,0.0,0.11910788305638091
10,0.0,0.0,0.0,0.11910788305638091
