,Precision,Recall,F1,AP
1,0.0,0.0,0.0,0.1705219911228495
2,0.0,0.0,0.0,0.1705219911228495
3,0.0,0.0,0.0,0.1705219911228495
4,0.0,0.0,0.0,0.1705219911228495
5,0.0,0.0,0.0,0.1705219911228495
6,0.0,0.0,0.0,0.1705219911228495
7,0.0,0.0,0.0,0.1705219911228495
8,0.0,0.0,0.0,0.1705219911228495
9,0.0,0.0,0.0,0.1705219911228495
10,0.0,0.0,0.0,0.1705219911228495
