,Precision,Recall,F1,AP
1,0.0,0.0,0.0,0.10796742599317706
2,0.0,0.0,0.0,0.10796742599317706
3,0.0,0.0,0.0,0.10796742599317706
4,0.0,0.0,0.0,0.10796742599317706
5,0.0,0.0,0.0,0.10796742599317706
6,0.0,0.0,0.0,0.10796742599317706
7,0.0,0.0,0.0,0.10796742599317706
8,0.0,0.0,0.0,0.10796742599317706
9,0.0,0.0,0.0,0.10796742599317706
10,0.0,0.0,0.0,0.10796742599317706
